,Question,Answer,Source,Context_1,Context_2,Context_3,Context_4
0,What is the product identifier?,"W269, CodeANTIFREEZE, Universal Antifreeze, Radiator Antifreeze, Diesel Antifreeze, Petro-Canada Antifreeze-Coolant, Petro-Canada Heavy Duty Antifreeze-Coolant, Pre-Mix Antifreeze, Petro-Canada Premium Radiator Antifreeze",Section I. Chemical Product and Company Identification,"Section XIV. Transport Information
DOT Classification Special Provisions
for TransportNot a DOT controlled material (United States). Not applicable.
Section XV. Regulatory Information
Other
Regulations
DSD/DPD (EEC)This product is acceptable for use under the provisions of WHMIS-CPR. All components of this formulation are listed on the
CEPA-DSL (Domestic Substances List).
All components of this formulation are listed on the US EPA-TSCA Inventory.","CEPA-DSL (Domestic Substances List).
All components of this formulation are listed on the US EPA-TSCA Inventory.
This product has been classified in accordance with the hazard criteria of the Controlled Products Regulations (CPR) and the
MSDS contains all of the information required by the CPR.
Please contact Product Safety for more information.
ADR (Europe)
(Pictograms)Not evaluated.
NOT EVALUATED FOR
EUROPEAN TRANSPORT
NON ÉVALUÉ POUR LE
TRANSPORT EUROPÉEN.WHMIS (Canada) D-2A
TDG (Canada)","ReactivityHealth Hazard
Fire Hazard
0
Personal Protection H12*
Section I. Chemical Product and Company IdentificationMaterial Safety Data Sheet
NFPA Protective Clothing
Product Name
SynonymCodeANTIFREEZE
Universal Antifreeze, Radiator Antifreeze, Diesel Antifreeze, Petro-Canada
Antifreeze-Coolant, Petro-Canada Heavy Duty Antifreeze-Coolant, Pre-Mix
Antifreeze, Petro-Canada Premium Radiator Antifreeze.W269
Used as an engine antifreeze coolant.In case of
EmergencyPetro-Canada: 403-296-3000","ADR - Agreement on Dangerous goods by Road (Europe)
ASTM - American Society for Testing and Materials (
BOD5 - Biological Oxygen Demand in 5 days
CAN/CGA B149.2 Propane Installation Code
CAS - Chemical Abstract Services
CEPA - Canadian Environmental Protection Act
CERCLA - Comprehensive Environmental Response, Compensation and
Liability Act
CFR - Code of Federal Regulations
CHIP - Chemicals Hazard Information and Packaging Approved Supply List
COD5 - Chemical Oxygen Demand in 5 days"
1,When was the Safety Data Sheet issued?,I don't know,N/A,"CFR - Code of Federal Regulations
CHIP - Chemicals Hazard Information and Packaging Approved Supply List
COD5 - Chemical Oxygen Demand in 5 days
CPR - Controlled Products Regulations
DOT - Department of Transport
DSCL - Dangerous Substances Classification and Labeling (Europe)
DSD/DPD - Dangerous Substances or Dangerous Preparations Directives
(Europe)
DSL - Domestic Substance List
EEC/EU - European Economic Community/European Union","CEPA-DSL (Domestic Substances List).
All components of this formulation are listed on the US EPA-TSCA Inventory.
This product has been classified in accordance with the hazard criteria of the Controlled Products Regulations (CPR) and the
MSDS contains all of the information required by the CPR.
Please contact Product Safety for more information.
ADR (Europe)
(Pictograms)Not evaluated.
NOT EVALUATED FOR
EUROPEAN TRANSPORT
NON ÉVALUÉ POUR LE
TRANSPORT EUROPÉEN.WHMIS (Canada) D-2A
TDG (Canada)","ADR - Agreement on Dangerous goods by Road (Europe)
ASTM - American Society for Testing and Materials (
BOD5 - Biological Oxygen Demand in 5 days
CAN/CGA B149.2 Propane Installation Code
CAS - Chemical Abstract Services
CEPA - Canadian Environmental Protection Act
CERCLA - Comprehensive Environmental Response, Compensation and
Liability Act
CFR - Code of Federal Regulations
CHIP - Chemicals Hazard Information and Packaging Approved Supply List
COD5 - Chemical Oxygen Demand in 5 days","Section XIV. Transport Information
DOT Classification Special Provisions
for TransportNot a DOT controlled material (United States). Not applicable.
Section XV. Regulatory Information
Other
Regulations
DSD/DPD (EEC)This product is acceptable for use under the provisions of WHMIS-CPR. All components of this formulation are listed on the
CEPA-DSL (Domestic Substances List).
All components of this formulation are listed on the US EPA-TSCA Inventory."
2,What is the product description?,Not a DOT controlled material (United States). Not applicable.,Section XIV. Transport Information,"Section XIV. Transport Information
DOT Classification Special Provisions
for TransportNot a DOT controlled material (United States). Not applicable.
Section XV. Regulatory Information
Other
Regulations
DSD/DPD (EEC)This product is acceptable for use under the provisions of WHMIS-CPR. All components of this formulation are listed on the
CEPA-DSL (Domestic Substances List).
All components of this formulation are listed on the US EPA-TSCA Inventory.","CEPA-DSL (Domestic Substances List).
All components of this formulation are listed on the US EPA-TSCA Inventory.
This product has been classified in accordance with the hazard criteria of the Controlled Products Regulations (CPR) and the
MSDS contains all of the information required by the CPR.
Please contact Product Safety for more information.
ADR (Europe)
(Pictograms)Not evaluated.
NOT EVALUATED FOR
EUROPEAN TRANSPORT
NON ÉVALUÉ POUR LE
TRANSPORT EUROPÉEN.WHMIS (Canada) D-2A
TDG (Canada)","ADR - Agreement on Dangerous goods by Road (Europe)
ASTM - American Society for Testing and Materials (
BOD5 - Biological Oxygen Demand in 5 days
CAN/CGA B149.2 Propane Installation Code
CAS - Chemical Abstract Services
CEPA - Canadian Environmental Protection Act
CERCLA - Comprehensive Environmental Response, Compensation and
Liability Act
CFR - Code of Federal Regulations
CHIP - Chemicals Hazard Information and Packaging Approved Supply List
COD5 - Chemical Oxygen Demand in 5 days","CFR - Code of Federal Regulations
CHIP - Chemicals Hazard Information and Packaging Approved Supply List
COD5 - Chemical Oxygen Demand in 5 days
CPR - Controlled Products Regulations
DOT - Department of Transport
DSCL - Dangerous Substances Classification and Labeling (Europe)
DSD/DPD - Dangerous Substances or Dangerous Preparations Directives
(Europe)
DSL - Domestic Substance List
EEC/EU - European Economic Community/European Union"
3,Who is the manufacturer of the product?,Manufacturer,"Section II. Composition and Information on Ingredients, Section XV. Regulatory Information, Not shown in the provided text but could be implied as it is near the section title 'Manufacturer'","subsidiaries assumes any liability whatsoever for the accuracy or completeness of the information contained herein.  Final
determination of suitability of any material is the sole responsibility of the user. All materials may present unknown hazards and should
be used with caution.  Although certain hazards are described herein, we cannot guarantee that these are the only hazards that exist.FDA - Food and Drug Administration
FIFRA - Federal Insecticide, Fungicide and Rodenticide Act","Section XIV. Transport Information
DOT Classification Special Provisions
for TransportNot a DOT controlled material (United States). Not applicable.
Section XV. Regulatory Information
Other
Regulations
DSD/DPD (EEC)This product is acceptable for use under the provisions of WHMIS-CPR. All components of this formulation are listed on the
CEPA-DSL (Domestic Substances List).
All components of this formulation are listed on the US EPA-TSCA Inventory.","Manufacturer
Material Uses1
2 0HealthFire Hazard
Reactivity
Specific hazardHMIS (U.S.A.) Rating
0Insignificant
1
2
3
4Slight
Moderate
High
Extreme
Section II. Composition and Information on Ingredients
Name CAS #Exposure Limits (ACGIH)
CEILING % (V/V) TLV-TWA(8 h) STEL
1) Ethylene glycol 107-21-1 >55 Not established Not established 100 mg/m³
(aerosol)
2) Sodium tetraborate pentahydrate 1330-43-4 <5 1 mg/m³ Not established Not established
Manufacturer
RecommendationNot applicable","CEPA-DSL (Domestic Substances List).
All components of this formulation are listed on the US EPA-TSCA Inventory.
This product has been classified in accordance with the hazard criteria of the Controlled Products Regulations (CPR) and the
MSDS contains all of the information required by the CPR.
Please contact Product Safety for more information.
ADR (Europe)
(Pictograms)Not evaluated.
NOT EVALUATED FOR
EUROPEAN TRANSPORT
NON ÉVALUÉ POUR LE
TRANSPORT EUROPÉEN.WHMIS (Canada) D-2A
TDG (Canada)"
4,What is the emergency telephone number for the product?,403-296-3000,In case of Emergency,"Antifreeze, Petro-Canada Premium Radiator Antifreeze.W269
Used as an engine antifreeze coolant.In case of
EmergencyPetro-Canada: 403-296-3000
Canutec Transportation:
613-996-6666
Poison Control Centre: Consult
local telephone directory for
emergency number(s).PETRO-CANADA
P.O. Box 2844
Calgary, Alberta
T2P 3E3DOT (pictograms)
DSL On the DSL.
On TSCA list. TSCA
Manufacturer
Material Uses1
2 0HealthFire Hazard
Reactivity
Specific hazardHMIS (U.S.A.) Rating
0Insignificant
1
2
3
4Slight
Moderate","ReactivityHealth Hazard
Fire Hazard
0
Personal Protection H12*
Section I. Chemical Product and Company IdentificationMaterial Safety Data Sheet
NFPA Protective Clothing
Product Name
SynonymCodeANTIFREEZE
Universal Antifreeze, Radiator Antifreeze, Diesel Antifreeze, Petro-Canada
Antifreeze-Coolant, Petro-Canada Heavy Duty Antifreeze-Coolant, Pre-Mix
Antifreeze, Petro-Canada Premium Radiator Antifreeze.W269
Used as an engine antifreeze coolant.In case of
EmergencyPetro-Canada: 403-296-3000","CEPA-DSL (Domestic Substances List).
All components of this formulation are listed on the US EPA-TSCA Inventory.
This product has been classified in accordance with the hazard criteria of the Controlled Products Regulations (CPR) and the
MSDS contains all of the information required by the CPR.
Please contact Product Safety for more information.
ADR (Europe)
(Pictograms)Not evaluated.
NOT EVALUATED FOR
EUROPEAN TRANSPORT
NON ÉVALUÉ POUR LE
TRANSPORT EUROPÉEN.WHMIS (Canada) D-2A
TDG (Canada)","and non-abrasive soap.  Seek medical attention.
Evacuate the victim to a safe area as soon as possible.  If the victim is not breathing, perform artificial respiration.  Allow the
victim to rest in a well ventilated area.  Seek medical attention.Section IV. First Aid Measures
Note to Physician Not available
Auto-Ignition
Temperature
Products of
CombustionFlash Points
Fire Fighting
Media and
InstructionsFlammable Limits
Fire Hazards in
Presence of
Various Substances413ºC"
5,What are the hazard classifications associated with the product?,"Fire Hazard, Reactivity, Health Hazard","Section I. Chemical Product and Company Identification, Section II. Composition and Information on Ingredients","ReactivityHealth Hazard
Fire Hazard
0
Personal Protection H12*
Section I. Chemical Product and Company IdentificationMaterial Safety Data Sheet
NFPA Protective Clothing
Product Name
SynonymCodeANTIFREEZE
Universal Antifreeze, Radiator Antifreeze, Diesel Antifreeze, Petro-Canada
Antifreeze-Coolant, Petro-Canada Heavy Duty Antifreeze-Coolant, Pre-Mix
Antifreeze, Petro-Canada Premium Radiator Antifreeze.W269
Used as an engine antifreeze coolant.In case of
EmergencyPetro-Canada: 403-296-3000","subsidiaries assumes any liability whatsoever for the accuracy or completeness of the information contained herein.  Final
determination of suitability of any material is the sole responsibility of the user. All materials may present unknown hazards and should
be used with caution.  Although certain hazards are described herein, we cannot guarantee that these are the only hazards that exist.FDA - Food and Drug Administration
FIFRA - Federal Insecticide, Fungicide and Rodenticide Act","CEPA-DSL (Domestic Substances List).
All components of this formulation are listed on the US EPA-TSCA Inventory.
This product has been classified in accordance with the hazard criteria of the Controlled Products Regulations (CPR) and the
MSDS contains all of the information required by the CPR.
Please contact Product Safety for more information.
ADR (Europe)
(Pictograms)Not evaluated.
NOT EVALUATED FOR
EUROPEAN TRANSPORT
NON ÉVALUÉ POUR LE
TRANSPORT EUROPÉEN.WHMIS (Canada) D-2A
TDG (Canada)","Manufacturer
Material Uses1
2 0HealthFire Hazard
Reactivity
Specific hazardHMIS (U.S.A.) Rating
0Insignificant
1
2
3
4Slight
Moderate
High
Extreme
Section II. Composition and Information on Ingredients
Name CAS #Exposure Limits (ACGIH)
CEILING % (V/V) TLV-TWA(8 h) STEL
1) Ethylene glycol 107-21-1 >55 Not established Not established 100 mg/m³
(aerosol)
2) Sodium tetraborate pentahydrate 1330-43-4 <5 1 mg/m³ Not established Not established
Manufacturer
RecommendationNot applicable"
6,What is the signal word used for the product?,Not Evaluated,"CEPA-DSL (Domestic Substances List), ADR (Europe)","Section XIV. Transport Information
DOT Classification Special Provisions
for TransportNot a DOT controlled material (United States). Not applicable.
Section XV. Regulatory Information
Other
Regulations
DSD/DPD (EEC)This product is acceptable for use under the provisions of WHMIS-CPR. All components of this formulation are listed on the
CEPA-DSL (Domestic Substances List).
All components of this formulation are listed on the US EPA-TSCA Inventory.","CEPA-DSL (Domestic Substances List).
All components of this formulation are listed on the US EPA-TSCA Inventory.
This product has been classified in accordance with the hazard criteria of the Controlled Products Regulations (CPR) and the
MSDS contains all of the information required by the CPR.
Please contact Product Safety for more information.
ADR (Europe)
(Pictograms)Not evaluated.
NOT EVALUATED FOR
EUROPEAN TRANSPORT
NON ÉVALUÉ POUR LE
TRANSPORT EUROPÉEN.WHMIS (Canada) D-2A
TDG (Canada)","product is used in an application where splashing may occur, the use of safety goggles and/or a face shield should be
considered.
Section IX. Physical and Chemical Properties
Physical State and
Appearance
VolatilityBoiling Point
Vapour PressureOdour Threshold
Density
Vapour DensityOil / Water Dist. Coeff.
SolubilityClear viscous liquid.
0% (w/w)1.115 to 1.145 (Water = 1)
2.1 (Air=1).
0.06 mmHg @ 20°C (68ºF).","ADR - Agreement on Dangerous goods by Road (Europe)
ASTM - American Society for Testing and Materials (
BOD5 - Biological Oxygen Demand in 5 days
CAN/CGA B149.2 Propane Installation Code
CAS - Chemical Abstract Services
CEPA - Canadian Environmental Protection Act
CERCLA - Comprehensive Environmental Response, Compensation and
Liability Act
CFR - Code of Federal Regulations
CHIP - Chemicals Hazard Information and Packaging Approved Supply List
COD5 - Chemical Oxygen Demand in 5 days"
7,What are the hazard statements related to the product?,"Slight, Moderate, High, Extreme Fire Hazard; 0, 1, Not established Health Hazard","Section I. Chemical Product and Company Identification, Section II. Composition and Information on Ingredients","subsidiaries assumes any liability whatsoever for the accuracy or completeness of the information contained herein.  Final
determination of suitability of any material is the sole responsibility of the user. All materials may present unknown hazards and should
be used with caution.  Although certain hazards are described herein, we cannot guarantee that these are the only hazards that exist.FDA - Food and Drug Administration
FIFRA - Federal Insecticide, Fungicide and Rodenticide Act","CEPA-DSL (Domestic Substances List).
All components of this formulation are listed on the US EPA-TSCA Inventory.
This product has been classified in accordance with the hazard criteria of the Controlled Products Regulations (CPR) and the
MSDS contains all of the information required by the CPR.
Please contact Product Safety for more information.
ADR (Europe)
(Pictograms)Not evaluated.
NOT EVALUATED FOR
EUROPEAN TRANSPORT
NON ÉVALUÉ POUR LE
TRANSPORT EUROPÉEN.WHMIS (Canada) D-2A
TDG (Canada)","Manufacturer
Material Uses1
2 0HealthFire Hazard
Reactivity
Specific hazardHMIS (U.S.A.) Rating
0Insignificant
1
2
3
4Slight
Moderate
High
Extreme
Section II. Composition and Information on Ingredients
Name CAS #Exposure Limits (ACGIH)
CEILING % (V/V) TLV-TWA(8 h) STEL
1) Ethylene glycol 107-21-1 >55 Not established Not established 100 mg/m³
(aerosol)
2) Sodium tetraborate pentahydrate 1330-43-4 <5 1 mg/m³ Not established Not established
Manufacturer
RecommendationNot applicable","ReactivityHealth Hazard
Fire Hazard
0
Personal Protection H12*
Section I. Chemical Product and Company IdentificationMaterial Safety Data Sheet
NFPA Protective Clothing
Product Name
SynonymCodeANTIFREEZE
Universal Antifreeze, Radiator Antifreeze, Diesel Antifreeze, Petro-Canada
Antifreeze-Coolant, Petro-Canada Heavy Duty Antifreeze-Coolant, Pre-Mix
Antifreeze, Petro-Canada Premium Radiator Antifreeze.W269
Used as an engine antifreeze coolant.In case of
EmergencyPetro-Canada: 403-296-3000"
8,What precautions should be taken while handling the product?,"Wear appropriate clothing to prevent skin contact. As a minimum long sleeves and trousers should be worn. After handling, always wash hands thoroughly with soap and water.",Section VII. Handling and Storage,"area) and where engineering, work practices or other means of exposure reduction are not adequate, NIOSH approved
respirators may be necessary to prevent overexposure by inhalation.Wear appropriate clothing to prevent skin contact.  As a minimum long sleeves and trousers should be worn.Eye protection (i.e., safety glasses, safety goggles and/or face shield) should be determined based on conditions of use.  If","subsidiaries assumes any liability whatsoever for the accuracy or completeness of the information contained herein.  Final
determination of suitability of any material is the sole responsibility of the user. All materials may present unknown hazards and should
be used with caution.  Although certain hazards are described herein, we cannot guarantee that these are the only hazards that exist.FDA - Food and Drug Administration
FIFRA - Federal Insecticide, Fungicide and Rodenticide Act","removed by exhaust ventilation. Ensure that eyewash station and safety shower are close to work-station.
Wear appropriate footwear to prevent product from coming in contact with feet and skin.Section VIII. Exposure Controls/Personal Protection
Eyes
Body
Respiratory
Hands","accordance with regional regulations.
Storage Keep container dry.  Keep container tightly closed.  Keep in a cool, well-ventilated place.Avoid contamination with reactive substances.  After handling, always wash hands thoroughly with soap and water. HandlingSection VII. Handling and Storage
Engineering Controls"
9,What are the first aid measures in case of inhalation?,"Wear appropriate clothing to prevent skin contact. Where concentrations in air may exceed the occupational exposure limits given in Section 2 (and those applicable to your area) and where engineering, work practices or other means of exposure reduction are not adequate, NIOSH approved respirators may be necessary to prevent overexposure by inhalation.",Section VIII. Exposure Controls/Personal Protection,"and non-abrasive soap.  Seek medical attention.
Evacuate the victim to a safe area as soon as possible.  If the victim is not breathing, perform artificial respiration.  Allow the
victim to rest in a well ventilated area.  Seek medical attention.Section IV. First Aid Measures
Note to Physician Not available
Auto-Ignition
Temperature
Products of
CombustionFlash Points
Fire Fighting
Media and
InstructionsFlammable Limits
Fire Hazards in
Presence of
Various Substances413ºC","area) and where engineering, work practices or other means of exposure reduction are not adequate, NIOSH approved
respirators may be necessary to prevent overexposure by inhalation.Wear appropriate clothing to prevent skin contact.  As a minimum long sleeves and trousers should be worn.Eye protection (i.e., safety glasses, safety goggles and/or face shield) should be determined based on conditions of use.  If","removed by exhaust ventilation. Ensure that eyewash station and safety shower are close to work-station.
Wear appropriate footwear to prevent product from coming in contact with feet and skin.Section VIII. Exposure Controls/Personal Protection
Eyes
Body
Respiratory
Hands","Eyes
Body
Respiratory
Hands
FeetWear appropriate chemically protective gloves.  When handling hot product ensure gloves are heat resistant and insulated.Where concentrations in air may exceed the occupational exposure limits given in Section 2 (and those applicable to your
area) and where engineering, work practices or other means of exposure reduction are not adequate, NIOSH approved"
10,What are the first aid measures in case of skin contact?,Wash gently and thoroughly the contaminated skin with running water and non-abrasive soap.  Seek medical attention.,Section III. First Aid Measures,"and non-abrasive soap.  Seek medical attention.
Evacuate the victim to a safe area as soon as possible.  If the victim is not breathing, perform artificial respiration.  Allow the
victim to rest in a well ventilated area.  Seek medical attention.Section IV. First Aid Measures
Note to Physician Not available
Auto-Ignition
Temperature
Products of
CombustionFlash Points
Fire Fighting
Media and
InstructionsFlammable Limits
Fire Hazards in
Presence of
Various Substances413ºC","area) and where engineering, work practices or other means of exposure reduction are not adequate, NIOSH approved
respirators may be necessary to prevent overexposure by inhalation.Wear appropriate clothing to prevent skin contact.  As a minimum long sleeves and trousers should be worn.Eye protection (i.e., safety glasses, safety goggles and/or face shield) should be determined based on conditions of use.  If","information, refer to Section 11.Potential Health
Effects
DO NOT induce vomiting because of danger of aspirating liquid into lungs.  Seek medical attention.Eye Contact
Skin Contact
Inhalation
IngestionIMMEDIATELY flush eyes with running water for at least 15 minutes, keeping eyelids open.  Seek medical attention.
Remove contaminated clothing - launder before reuse. Wash gently and thoroughly the contaminated skin with running water
and non-abrasive soap.  Seek medical attention.","removed by exhaust ventilation. Ensure that eyewash station and safety shower are close to work-station.
Wear appropriate footwear to prevent product from coming in contact with feet and skin.Section VIII. Exposure Controls/Personal Protection
Eyes
Body
Respiratory
Hands"
11,What are the first aid measures in case of eye contact?,"IMMEDIATELY flush eyes with running water for at least 15 minutes, keeping eyelids open.  Seek medical attention.",Section IV. First Aid Measures,"area) and where engineering, work practices or other means of exposure reduction are not adequate, NIOSH approved
respirators may be necessary to prevent overexposure by inhalation.Wear appropriate clothing to prevent skin contact.  As a minimum long sleeves and trousers should be worn.Eye protection (i.e., safety glasses, safety goggles and/or face shield) should be determined based on conditions of use.  If","and non-abrasive soap.  Seek medical attention.
Evacuate the victim to a safe area as soon as possible.  If the victim is not breathing, perform artificial respiration.  Allow the
victim to rest in a well ventilated area.  Seek medical attention.Section IV. First Aid Measures
Note to Physician Not available
Auto-Ignition
Temperature
Products of
CombustionFlash Points
Fire Fighting
Media and
InstructionsFlammable Limits
Fire Hazards in
Presence of
Various Substances413ºC","removed by exhaust ventilation. Ensure that eyewash station and safety shower are close to work-station.
Wear appropriate footwear to prevent product from coming in contact with feet and skin.Section VIII. Exposure Controls/Personal Protection
Eyes
Body
Respiratory
Hands","information, refer to Section 11.Potential Health
Effects
DO NOT induce vomiting because of danger of aspirating liquid into lungs.  Seek medical attention.Eye Contact
Skin Contact
Inhalation
IngestionIMMEDIATELY flush eyes with running water for at least 15 minutes, keeping eyelids open.  Seek medical attention.
Remove contaminated clothing - launder before reuse. Wash gently and thoroughly the contaminated skin with running water
and non-abrasive soap.  Seek medical attention."
12,What are the first aid measures in case of ingestion?,DO NOT induce vomiting because of danger of aspirating liquid into lungs.  Seek medical attention.,Potential Health Effects,"and non-abrasive soap.  Seek medical attention.
Evacuate the victim to a safe area as soon as possible.  If the victim is not breathing, perform artificial respiration.  Allow the
victim to rest in a well ventilated area.  Seek medical attention.Section IV. First Aid Measures
Note to Physician Not available
Auto-Ignition
Temperature
Products of
CombustionFlash Points
Fire Fighting
Media and
InstructionsFlammable Limits
Fire Hazards in
Presence of
Various Substances413ºC","information, refer to Section 11.Potential Health
Effects
DO NOT induce vomiting because of danger of aspirating liquid into lungs.  Seek medical attention.Eye Contact
Skin Contact
Inhalation
IngestionIMMEDIATELY flush eyes with running water for at least 15 minutes, keeping eyelids open.  Seek medical attention.
Remove contaminated clothing - launder before reuse. Wash gently and thoroughly the contaminated skin with running water
and non-abrasive soap.  Seek medical attention.","area) and where engineering, work practices or other means of exposure reduction are not adequate, NIOSH approved
respirators may be necessary to prevent overexposure by inhalation.Wear appropriate clothing to prevent skin contact.  As a minimum long sleeves and trousers should be worn.Eye protection (i.e., safety glasses, safety goggles and/or face shield) should be determined based on conditions of use.  If","Dermal Route:
Inhalation Route:
Oral Route:
Eye Irritation/Inflammation:
Immunotoxicity:
Skin Sensitization:
Respiratory Tract Sensitization:
Mutagenic: Not availableNot availableNot availableNot availableSlightly hazardous in case of eye contact (irritant).Extremely dangerous in case of ingestion.Slightly hazardous in case of inhalation (lung irritant).  Can cause nausea, headaches and vomiting.Slightly hazardous in case of skin contact (irritant)."
13,What are the suitable extinguishing media for a fire involving the product?,"DRY chemicals, CO2, water spray or foam, water spray, fog or foam","Fire Fighting, Fire-fighting Measures","Products of
CombustionFlash Points
Fire Fighting
Media and
InstructionsFlammable Limits
Fire Hazards in
Presence of
Various Substances413ºC
Carbon oxides (CO, CO2), smoke and irritating vapours as products of incomplete combustion.Closed Cup: 116ºC (Tagliabue)
Open Cup: 116ºC (Cleveland)Lower: 3.2%, Upper: 15.3%
SMALL FIRE:  Use DRY chemicals, CO2, water spray or foam.
LARGE FIRE:  Use water spray, fog or foam.  DO NOT use water jet.Combustible in presence of  open flames and","and non-abrasive soap.  Seek medical attention.
Evacuate the victim to a safe area as soon as possible.  If the victim is not breathing, perform artificial respiration.  Allow the
victim to rest in a well ventilated area.  Seek medical attention.Section IV. First Aid Measures
Note to Physician Not available
Auto-Ignition
Temperature
Products of
CombustionFlash Points
Fire Fighting
Media and
InstructionsFlammable Limits
Fire Hazards in
Presence of
Various Substances413ºC","LARGE FIRE:  Use water spray, fog or foam.  DO NOT use water jet.Combustible in presence of  open flames and
sparks.Explosion Hazards
in Presence of
Various SubstancesNot a product presenting risks of explosion.Flammability May be combustible at high temperature.Section V. Fire-fighting Measures
Continued on Next Page Available in FrenchANTIFREEZE Page Number: 2
Section VI. Accidental Release Measures
Material Release","ReactivityHealth Hazard
Fire Hazard
0
Personal Protection H12*
Section I. Chemical Product and Company IdentificationMaterial Safety Data Sheet
NFPA Protective Clothing
Product Name
SynonymCodeANTIFREEZE
Universal Antifreeze, Radiator Antifreeze, Diesel Antifreeze, Petro-Canada
Antifreeze-Coolant, Petro-Canada Heavy Duty Antifreeze-Coolant, Pre-Mix
Antifreeze, Petro-Canada Premium Radiator Antifreeze.W269
Used as an engine antifreeze coolant.In case of
EmergencyPetro-Canada: 403-296-3000"
14,What are the special hazards arising from the substance during a fire?,"Carbon oxides (CO, CO2), smoke and irritating vapours as products of incomplete combustion.",Products of CombustionFlash Points,"Products of
CombustionFlash Points
Fire Fighting
Media and
InstructionsFlammable Limits
Fire Hazards in
Presence of
Various Substances413ºC
Carbon oxides (CO, CO2), smoke and irritating vapours as products of incomplete combustion.Closed Cup: 116ºC (Tagliabue)
Open Cup: 116ºC (Cleveland)Lower: 3.2%, Upper: 15.3%
SMALL FIRE:  Use DRY chemicals, CO2, water spray or foam.
LARGE FIRE:  Use water spray, fog or foam.  DO NOT use water jet.Combustible in presence of  open flames and","LARGE FIRE:  Use water spray, fog or foam.  DO NOT use water jet.Combustible in presence of  open flames and
sparks.Explosion Hazards
in Presence of
Various SubstancesNot a product presenting risks of explosion.Flammability May be combustible at high temperature.Section V. Fire-fighting Measures
Continued on Next Page Available in FrenchANTIFREEZE Page Number: 2
Section VI. Accidental Release Measures
Material Release","and non-abrasive soap.  Seek medical attention.
Evacuate the victim to a safe area as soon as possible.  If the victim is not breathing, perform artificial respiration.  Allow the
victim to rest in a well ventilated area.  Seek medical attention.Section IV. First Aid Measures
Note to Physician Not available
Auto-Ignition
Temperature
Products of
CombustionFlash Points
Fire Fighting
Media and
InstructionsFlammable Limits
Fire Hazards in
Presence of
Various Substances413ºC","heated to decomposition.Hazardous
PolymerizationWill not occur under normal working conditions.
Acute LethalityRoutes of Entry Eye contact and ingestion.
LD50: 4700 mg/kg (oral/rat). [Ethylene Glycol]
LD50: 9530 mg/kg (dermal/rabbit). [Ethylene Glycol]Section XI. Toxicological Information
Chronic or Other Toxic EffectsChronic or Other Toxic Effects
Dermal Route:
Inhalation Route:
Oral Route:
Eye Irritation/Inflammation:
Immunotoxicity:
Skin Sensitization:
Respiratory Tract Sensitization:"
15,Are there any special fire handling procedures required for the product?,"YES, for Large Fires, DO NOT use water jet.",Section V. Fire-fighting Measures,"Products of
CombustionFlash Points
Fire Fighting
Media and
InstructionsFlammable Limits
Fire Hazards in
Presence of
Various Substances413ºC
Carbon oxides (CO, CO2), smoke and irritating vapours as products of incomplete combustion.Closed Cup: 116ºC (Tagliabue)
Open Cup: 116ºC (Cleveland)Lower: 3.2%, Upper: 15.3%
SMALL FIRE:  Use DRY chemicals, CO2, water spray or foam.
LARGE FIRE:  Use water spray, fog or foam.  DO NOT use water jet.Combustible in presence of  open flames and","and non-abrasive soap.  Seek medical attention.
Evacuate the victim to a safe area as soon as possible.  If the victim is not breathing, perform artificial respiration.  Allow the
victim to rest in a well ventilated area.  Seek medical attention.Section IV. First Aid Measures
Note to Physician Not available
Auto-Ignition
Temperature
Products of
CombustionFlash Points
Fire Fighting
Media and
InstructionsFlammable Limits
Fire Hazards in
Presence of
Various Substances413ºC","LARGE FIRE:  Use water spray, fog or foam.  DO NOT use water jet.Combustible in presence of  open flames and
sparks.Explosion Hazards
in Presence of
Various SubstancesNot a product presenting risks of explosion.Flammability May be combustible at high temperature.Section V. Fire-fighting Measures
Continued on Next Page Available in FrenchANTIFREEZE Page Number: 2
Section VI. Accidental Release Measures
Material Release","Softening Point
129 to 197°C (264 to 387°F)
Ionicity (in water)
Dispersion PropertiesNot available
Not availableNot applicable.
Not available
StabilityCorrosivity
The product is stable.Not available
Reactive with oxidizing agents, acids and
alkalis.Section X. Stability and Reactivity
Incompatible
Substances /
Conditions to AvoidDecomposition
ProductsMay release COx, smoke and irritating vapours when
heated to decomposition.Hazardous
PolymerizationWill not occur under normal working conditions."
16,"How should accidental releases, spill, or leak of the product be handled?",Dilute with water and mop up or absorb with an inert DRY material and place in an appropriate waste disposal container. Absorb with an inert material and put the spilled material in an appropriate waste disposal.,Section VI. Accidental Release Measures,"Continued on Next Page Available in FrenchANTIFREEZE Page Number: 2
Section VI. Accidental Release Measures
Material Release
or SpillSmall spill or leak:  Dilute with water and mop up or absorb with an inert DRY material and place in an appropriate waste
disposal container.
Large spill or leak:  Absorb with an inert material and put the spilled material in an appropriate waste disposal.  Dispose of in
accordance with regional regulations.","product is used in an application where splashing may occur, the use of safety goggles and/or a face shield should be
considered.
Section IX. Physical and Chemical Properties
Physical State and
Appearance
VolatilityBoiling Point
Vapour PressureOdour Threshold
Density
Vapour DensityOil / Water Dist. Coeff.
SolubilityClear viscous liquid.
0% (w/w)1.115 to 1.145 (Water = 1)
2.1 (Air=1).
0.06 mmHg @ 20°C (68ºF).","subsidiaries assumes any liability whatsoever for the accuracy or completeness of the information contained herein.  Final
determination of suitability of any material is the sole responsibility of the user. All materials may present unknown hazards and should
be used with caution.  Although certain hazards are described herein, we cannot guarantee that these are the only hazards that exist.FDA - Food and Drug Administration
FIFRA - Federal Insecticide, Fungicide and Rodenticide Act","and non-abrasive soap.  Seek medical attention.
Evacuate the victim to a safe area as soon as possible.  If the victim is not breathing, perform artificial respiration.  Allow the
victim to rest in a well ventilated area.  Seek medical attention.Section IV. First Aid Measures
Note to Physician Not available
Auto-Ignition
Temperature
Products of
CombustionFlash Points
Fire Fighting
Media and
InstructionsFlammable Limits
Fire Hazards in
Presence of
Various Substances413ºC"
17,What precautions should be taken for safe handling and storage of the product?,"Keep container dry. Keep container tightly closed. Keep in a cool, well-ventilated place.Avoid contamination with reactive substances. After handling, always wash hands thoroughly with soap and water. Wear appropriate clothing to prevent skin contact. Eye protection should be determined based on conditions of use.",Storage,"accordance with regional regulations.
Storage Keep container dry.  Keep container tightly closed.  Keep in a cool, well-ventilated place.Avoid contamination with reactive substances.  After handling, always wash hands thoroughly with soap and water. HandlingSection VII. Handling and Storage
Engineering Controls","area) and where engineering, work practices or other means of exposure reduction are not adequate, NIOSH approved
respirators may be necessary to prevent overexposure by inhalation.Wear appropriate clothing to prevent skin contact.  As a minimum long sleeves and trousers should be worn.Eye protection (i.e., safety glasses, safety goggles and/or face shield) should be determined based on conditions of use.  If","subsidiaries assumes any liability whatsoever for the accuracy or completeness of the information contained herein.  Final
determination of suitability of any material is the sole responsibility of the user. All materials may present unknown hazards and should
be used with caution.  Although certain hazards are described herein, we cannot guarantee that these are the only hazards that exist.FDA - Food and Drug Administration
FIFRA - Federal Insecticide, Fungicide and Rodenticide Act","Engineering Controls
Personal Protection  -  The selection of personal protective equipment varies, depending upon conditions of use.For normal application, special ventilation is not necessary. If user's operations generate vapours or mist, use ventilation to
keep exposure to airborne contaminants below the exposure limit. Make-up air should always be supplied to balance air
removed by exhaust ventilation. Ensure that eyewash station and safety shower are close to work-station."
18,What are the exposure controls and personal protection measures recommended for the product?,"Engineering Controls, Personal Protection, Eyes, Body, Respiratory, Hands, Feet, Wear appropriate clothing to prevent skin contact, wear appropriate chemically protective gloves, ensure that eyewash station and safety shower are close to work-station, make-up air should always be supplied to balance air removed by exhaust ventilation","Section VII. Engineering Controls, Section VIII. Exposure Controls/Personal Protection","area) and where engineering, work practices or other means of exposure reduction are not adequate, NIOSH approved
respirators may be necessary to prevent overexposure by inhalation.Wear appropriate clothing to prevent skin contact.  As a minimum long sleeves and trousers should be worn.Eye protection (i.e., safety glasses, safety goggles and/or face shield) should be determined based on conditions of use.  If","Engineering Controls
Personal Protection  -  The selection of personal protective equipment varies, depending upon conditions of use.For normal application, special ventilation is not necessary. If user's operations generate vapours or mist, use ventilation to
keep exposure to airborne contaminants below the exposure limit. Make-up air should always be supplied to balance air
removed by exhaust ventilation. Ensure that eyewash station and safety shower are close to work-station.","removed by exhaust ventilation. Ensure that eyewash station and safety shower are close to work-station.
Wear appropriate footwear to prevent product from coming in contact with feet and skin.Section VIII. Exposure Controls/Personal Protection
Eyes
Body
Respiratory
Hands","Eyes
Body
Respiratory
Hands
FeetWear appropriate chemically protective gloves.  When handling hot product ensure gloves are heat resistant and insulated.Where concentrations in air may exceed the occupational exposure limits given in Section 2 (and those applicable to your
area) and where engineering, work practices or other means of exposure reduction are not adequate, NIOSH approved"
19,What are the physical and chemical properties of the product?,"clear viscous liquid, 1.115 to 1.145 (Water = 1), 2.1 (Air=1), 0.06 mmHg @ 20°C (68ºF), soluble in water, methanol and diethyl ether",Section IX. Physical and Chemical Properties,"product is used in an application where splashing may occur, the use of safety goggles and/or a face shield should be
considered.
Section IX. Physical and Chemical Properties
Physical State and
Appearance
VolatilityBoiling Point
Vapour PressureOdour Threshold
Density
Vapour DensityOil / Water Dist. Coeff.
SolubilityClear viscous liquid.
0% (w/w)1.115 to 1.145 (Water = 1)
2.1 (Air=1).
0.06 mmHg @ 20°C (68ºF).","Softening Point
129 to 197°C (264 to 387°F)
Ionicity (in water)
Dispersion PropertiesNot available
Not availableNot applicable.
Not available
StabilityCorrosivity
The product is stable.Not available
Reactive with oxidizing agents, acids and
alkalis.Section X. Stability and Reactivity
Incompatible
Substances /
Conditions to AvoidDecomposition
ProductsMay release COx, smoke and irritating vapours when
heated to decomposition.Hazardous
PolymerizationWill not occur under normal working conditions.","Vapour DensityOil / Water Dist. Coeff.
SolubilityClear viscous liquid.
0% (w/w)1.115 to 1.145 (Water = 1)
2.1 (Air=1).
0.06 mmHg @ 20°C (68ºF).
Soluble in water, methanol and diethyl ether.Not availableOdourless. OdourNot available Green. Colour
Dropping Point
PenetrationNot applicable.
Not applicable.Viscosity Not available
Pour Point
Softening Point
129 to 197°C (264 to 387°F)
Ionicity (in water)
Dispersion PropertiesNot available
Not availableNot applicable.
Not available","heated to decomposition.Hazardous
PolymerizationWill not occur under normal working conditions.
Acute LethalityRoutes of Entry Eye contact and ingestion.
LD50: 4700 mg/kg (oral/rat). [Ethylene Glycol]
LD50: 9530 mg/kg (dermal/rabbit). [Ethylene Glycol]Section XI. Toxicological Information
Chronic or Other Toxic EffectsChronic or Other Toxic Effects
Dermal Route:
Inhalation Route:
Oral Route:
Eye Irritation/Inflammation:
Immunotoxicity:
Skin Sensitization:
Respiratory Tract Sensitization:"
20,Is the product stable or reactive? Are there any hazardous reactions to be aware of?,"The product is stable but reactive with oxidizing agents, acids and alkalis.","Section X. Stability and Reactivity, Section XI. Toxicological Information","Softening Point
129 to 197°C (264 to 387°F)
Ionicity (in water)
Dispersion PropertiesNot available
Not availableNot applicable.
Not available
StabilityCorrosivity
The product is stable.Not available
Reactive with oxidizing agents, acids and
alkalis.Section X. Stability and Reactivity
Incompatible
Substances /
Conditions to AvoidDecomposition
ProductsMay release COx, smoke and irritating vapours when
heated to decomposition.Hazardous
PolymerizationWill not occur under normal working conditions.","heated to decomposition.Hazardous
PolymerizationWill not occur under normal working conditions.
Acute LethalityRoutes of Entry Eye contact and ingestion.
LD50: 4700 mg/kg (oral/rat). [Ethylene Glycol]
LD50: 9530 mg/kg (dermal/rabbit). [Ethylene Glycol]Section XI. Toxicological Information
Chronic or Other Toxic EffectsChronic or Other Toxic Effects
Dermal Route:
Inhalation Route:
Oral Route:
Eye Irritation/Inflammation:
Immunotoxicity:
Skin Sensitization:
Respiratory Tract Sensitization:","subsidiaries assumes any liability whatsoever for the accuracy or completeness of the information contained herein.  Final
determination of suitability of any material is the sole responsibility of the user. All materials may present unknown hazards and should
be used with caution.  Although certain hazards are described herein, we cannot guarantee that these are the only hazards that exist.FDA - Food and Drug Administration
FIFRA - Federal Insecticide, Fungicide and Rodenticide Act","Dermal Route:
Inhalation Route:
Oral Route:
Eye Irritation/Inflammation:
Immunotoxicity:
Skin Sensitization:
Respiratory Tract Sensitization:
Mutagenic: Not availableNot availableNot availableNot availableSlightly hazardous in case of eye contact (irritant).Extremely dangerous in case of ingestion.Slightly hazardous in case of inhalation (lung irritant).  Can cause nausea, headaches and vomiting.Slightly hazardous in case of skin contact (irritant)."
21,What are the possible hazardous decomposition products of the product?,"COx, smoke and irritating vapours",Section X. Stability and Reactivity,"Softening Point
129 to 197°C (264 to 387°F)
Ionicity (in water)
Dispersion PropertiesNot available
Not availableNot applicable.
Not available
StabilityCorrosivity
The product is stable.Not available
Reactive with oxidizing agents, acids and
alkalis.Section X. Stability and Reactivity
Incompatible
Substances /
Conditions to AvoidDecomposition
ProductsMay release COx, smoke and irritating vapours when
heated to decomposition.Hazardous
PolymerizationWill not occur under normal working conditions.","heated to decomposition.Hazardous
PolymerizationWill not occur under normal working conditions.
Acute LethalityRoutes of Entry Eye contact and ingestion.
LD50: 4700 mg/kg (oral/rat). [Ethylene Glycol]
LD50: 9530 mg/kg (dermal/rabbit). [Ethylene Glycol]Section XI. Toxicological Information
Chronic or Other Toxic EffectsChronic or Other Toxic Effects
Dermal Route:
Inhalation Route:
Oral Route:
Eye Irritation/Inflammation:
Immunotoxicity:
Skin Sensitization:
Respiratory Tract Sensitization:","subsidiaries assumes any liability whatsoever for the accuracy or completeness of the information contained herein.  Final
determination of suitability of any material is the sole responsibility of the user. All materials may present unknown hazards and should
be used with caution.  Although certain hazards are described herein, we cannot guarantee that these are the only hazards that exist.FDA - Food and Drug Administration
FIFRA - Federal Insecticide, Fungicide and Rodenticide Act","Products of
CombustionFlash Points
Fire Fighting
Media and
InstructionsFlammable Limits
Fire Hazards in
Presence of
Various Substances413ºC
Carbon oxides (CO, CO2), smoke and irritating vapours as products of incomplete combustion.Closed Cup: 116ºC (Tagliabue)
Open Cup: 116ºC (Cleveland)Lower: 3.2%, Upper: 15.3%
SMALL FIRE:  Use DRY chemicals, CO2, water spray or foam.
LARGE FIRE:  Use water spray, fog or foam.  DO NOT use water jet.Combustible in presence of  open flames and"
22,What is the toxicological information available for the product?,"Chronic or Other Toxic Effects, Dermal Route: Inhalation Route: Oral Route: Eye Irritation/Inflammation: Immunotoxicity: Skin Sensitization: Respiratory Tract Sensitization: Teratogenicity/Embryotoxicity: Carcinogenicity (ACGIH): Carcinogenicity (IARC): Carcinogenicity (NTP):",Section XI. Toxicological Information,"heated to decomposition.Hazardous
PolymerizationWill not occur under normal working conditions.
Acute LethalityRoutes of Entry Eye contact and ingestion.
LD50: 4700 mg/kg (oral/rat). [Ethylene Glycol]
LD50: 9530 mg/kg (dermal/rabbit). [Ethylene Glycol]Section XI. Toxicological Information
Chronic or Other Toxic EffectsChronic or Other Toxic Effects
Dermal Route:
Inhalation Route:
Oral Route:
Eye Irritation/Inflammation:
Immunotoxicity:
Skin Sensitization:
Respiratory Tract Sensitization:","Teratogenicity/Embryotoxicity:
Carcinogenicity (ACGIH):
Carcinogenicity (IARC):
Carcinogenicity (NTP):
Carcinogenicity (IRIS):
Carcinogenicity (OSHA): Not availableNot availableNot availableNot availableACGIH A4: not classifiable as a human carcinogen.Fetotoxic and teratogenic in mice at levels below maternal toxicity.Not available
Section XII. Ecological Information
Environmental Fate Not available
BOD5 and COD Products of
BiodegradationPersistance/
Bioaccumulation
Potential","Continued on Next Page Available in FrenchANTIFREEZE Page Number: 3
Other Considerations The substance may be toxic to kidneys and liver.  Repeated or prolonged exposure to the substance can produce
target organs damage.  Repeated exposure to a highly toxic material may produce general deterioration of health
by an accumulation in one or many human organs.Reproductive Toxicity:
Teratogenicity/Embryotoxicity:
Carcinogenicity (ACGIH):
Carcinogenicity (IARC):
Carcinogenicity (NTP):","subsidiaries assumes any liability whatsoever for the accuracy or completeness of the information contained herein.  Final
determination of suitability of any material is the sole responsibility of the user. All materials may present unknown hazards and should
be used with caution.  Although certain hazards are described herein, we cannot guarantee that these are the only hazards that exist.FDA - Food and Drug Administration
FIFRA - Federal Insecticide, Fungicide and Rodenticide Act"
23,What are the safety precautions and handling instructions for using the product?,"Keep container dry. Keep container tightly closed. Keep in a cool, well-ventilated place. Avoid contamination with reactive substances. After handling, always wash hands thoroughly with soap and water.",Storage / HandlingSection VII. Handling and Storage,"accordance with regional regulations.
Storage Keep container dry.  Keep container tightly closed.  Keep in a cool, well-ventilated place.Avoid contamination with reactive substances.  After handling, always wash hands thoroughly with soap and water. HandlingSection VII. Handling and Storage
Engineering Controls","subsidiaries assumes any liability whatsoever for the accuracy or completeness of the information contained herein.  Final
determination of suitability of any material is the sole responsibility of the user. All materials may present unknown hazards and should
be used with caution.  Although certain hazards are described herein, we cannot guarantee that these are the only hazards that exist.FDA - Food and Drug Administration
FIFRA - Federal Insecticide, Fungicide and Rodenticide Act","and non-abrasive soap.  Seek medical attention.
Evacuate the victim to a safe area as soon as possible.  If the victim is not breathing, perform artificial respiration.  Allow the
victim to rest in a well ventilated area.  Seek medical attention.Section IV. First Aid Measures
Note to Physician Not available
Auto-Ignition
Temperature
Products of
CombustionFlash Points
Fire Fighting
Media and
InstructionsFlammable Limits
Fire Hazards in
Presence of
Various Substances413ºC","removed by exhaust ventilation. Ensure that eyewash station and safety shower are close to work-station.
Wear appropriate footwear to prevent product from coming in contact with feet and skin.Section VIII. Exposure Controls/Personal Protection
Eyes
Body
Respiratory
Hands"
24,What are the potential hazards associated with the product?,"Slight irritation of skin, eyes and respiratory tract, Extremely dangerous in case of ingestion, Slightly hazardous in case of eye contact (irritant), Extremely dangerous in case of ingestion, Slightly hazardous in case of inhalation (lung irritant), Can cause nausea, headaches and vomiting, Slightly hazardous in case of skin contact (irritant)","Section III. Hazards Identification., Section XI. Toxicological Information","subsidiaries assumes any liability whatsoever for the accuracy or completeness of the information contained herein.  Final
determination of suitability of any material is the sole responsibility of the user. All materials may present unknown hazards and should
be used with caution.  Although certain hazards are described herein, we cannot guarantee that these are the only hazards that exist.FDA - Food and Drug Administration
FIFRA - Federal Insecticide, Fungicide and Rodenticide Act","(aerosol)
2) Sodium tetraborate pentahydrate 1330-43-4 <5 1 mg/m³ Not established Not established
Manufacturer
RecommendationNot applicable
Consult local, state, provincial or territory authorities for acceptable exposure limits. Other Exposure Limits
Section III. Hazards Identification.
Contact can cause slight irritation of skin, eyes and respiratory tract.  Extremely dangerous in case of ingestion.  For more
information, refer to Section 11.Potential Health
Effects","Dermal Route:
Inhalation Route:
Oral Route:
Eye Irritation/Inflammation:
Immunotoxicity:
Skin Sensitization:
Respiratory Tract Sensitization:
Mutagenic: Not availableNot availableNot availableNot availableSlightly hazardous in case of eye contact (irritant).Extremely dangerous in case of ingestion.Slightly hazardous in case of inhalation (lung irritant).  Can cause nausea, headaches and vomiting.Slightly hazardous in case of skin contact (irritant).","heated to decomposition.Hazardous
PolymerizationWill not occur under normal working conditions.
Acute LethalityRoutes of Entry Eye contact and ingestion.
LD50: 4700 mg/kg (oral/rat). [Ethylene Glycol]
LD50: 9530 mg/kg (dermal/rabbit). [Ethylene Glycol]Section XI. Toxicological Information
Chronic or Other Toxic EffectsChronic or Other Toxic Effects
Dermal Route:
Inhalation Route:
Oral Route:
Eye Irritation/Inflammation:
Immunotoxicity:
Skin Sensitization:
Respiratory Tract Sensitization:"
25,What are the specific health effects or risks associated with exposure to the product?,"Contact can cause slight irritation of skin, eyes and respiratory tract. Extremely dangerous in case of ingestion. The substance may be toxic to kidneys and liver. Repeated or prolonged exposure to the substance can produce target organs damage. Repeated exposure to a highly toxic material may produce general deterioration of health by an accumulation in one or many human organs. Can cause nausea, headaches and vomiting.","Section III. Hazards Identification., Section XI. Toxicological Information","(aerosol)
2) Sodium tetraborate pentahydrate 1330-43-4 <5 1 mg/m³ Not established Not established
Manufacturer
RecommendationNot applicable
Consult local, state, provincial or territory authorities for acceptable exposure limits. Other Exposure Limits
Section III. Hazards Identification.
Contact can cause slight irritation of skin, eyes and respiratory tract.  Extremely dangerous in case of ingestion.  For more
information, refer to Section 11.Potential Health
Effects","heated to decomposition.Hazardous
PolymerizationWill not occur under normal working conditions.
Acute LethalityRoutes of Entry Eye contact and ingestion.
LD50: 4700 mg/kg (oral/rat). [Ethylene Glycol]
LD50: 9530 mg/kg (dermal/rabbit). [Ethylene Glycol]Section XI. Toxicological Information
Chronic or Other Toxic EffectsChronic or Other Toxic Effects
Dermal Route:
Inhalation Route:
Oral Route:
Eye Irritation/Inflammation:
Immunotoxicity:
Skin Sensitization:
Respiratory Tract Sensitization:","Continued on Next Page Available in FrenchANTIFREEZE Page Number: 3
Other Considerations The substance may be toxic to kidneys and liver.  Repeated or prolonged exposure to the substance can produce
target organs damage.  Repeated exposure to a highly toxic material may produce general deterioration of health
by an accumulation in one or many human organs.Reproductive Toxicity:
Teratogenicity/Embryotoxicity:
Carcinogenicity (ACGIH):
Carcinogenicity (IARC):
Carcinogenicity (NTP):","Dermal Route:
Inhalation Route:
Oral Route:
Eye Irritation/Inflammation:
Immunotoxicity:
Skin Sensitization:
Respiratory Tract Sensitization:
Mutagenic: Not availableNot availableNot availableNot availableSlightly hazardous in case of eye contact (irritant).Extremely dangerous in case of ingestion.Slightly hazardous in case of inhalation (lung irritant).  Can cause nausea, headaches and vomiting.Slightly hazardous in case of skin contact (irritant)."
26,What are the emergency procedures in case of inhalation of the product?,"Wear appropriate clothing to prevent skin contact.  As a minimum long sleeves and trousers should be worn.  If engineering, work practices or other means of exposure reduction are not adequate, NIOSH approved respirators may be necessary to prevent overexposure by inhalation.",Section III. Protective Gear,"and non-abrasive soap.  Seek medical attention.
Evacuate the victim to a safe area as soon as possible.  If the victim is not breathing, perform artificial respiration.  Allow the
victim to rest in a well ventilated area.  Seek medical attention.Section IV. First Aid Measures
Note to Physician Not available
Auto-Ignition
Temperature
Products of
CombustionFlash Points
Fire Fighting
Media and
InstructionsFlammable Limits
Fire Hazards in
Presence of
Various Substances413ºC","area) and where engineering, work practices or other means of exposure reduction are not adequate, NIOSH approved
respirators may be necessary to prevent overexposure by inhalation.Wear appropriate clothing to prevent skin contact.  As a minimum long sleeves and trousers should be worn.Eye protection (i.e., safety glasses, safety goggles and/or face shield) should be determined based on conditions of use.  If","Dermal Route:
Inhalation Route:
Oral Route:
Eye Irritation/Inflammation:
Immunotoxicity:
Skin Sensitization:
Respiratory Tract Sensitization:
Mutagenic: Not availableNot availableNot availableNot availableSlightly hazardous in case of eye contact (irritant).Extremely dangerous in case of ingestion.Slightly hazardous in case of inhalation (lung irritant).  Can cause nausea, headaches and vomiting.Slightly hazardous in case of skin contact (irritant).","Products of
CombustionFlash Points
Fire Fighting
Media and
InstructionsFlammable Limits
Fire Hazards in
Presence of
Various Substances413ºC
Carbon oxides (CO, CO2), smoke and irritating vapours as products of incomplete combustion.Closed Cup: 116ºC (Tagliabue)
Open Cup: 116ºC (Cleveland)Lower: 3.2%, Upper: 15.3%
SMALL FIRE:  Use DRY chemicals, CO2, water spray or foam.
LARGE FIRE:  Use water spray, fog or foam.  DO NOT use water jet.Combustible in presence of  open flames and"
27,What are the emergency procedures in case of skin contact with the product?,Remove contaminated clothing - launder before reuse. Wash gently and thoroughly the contaminated skin with running water and non-abrasive soap.  Seek medical attention.,Section V. First Aid Measures,"and non-abrasive soap.  Seek medical attention.
Evacuate the victim to a safe area as soon as possible.  If the victim is not breathing, perform artificial respiration.  Allow the
victim to rest in a well ventilated area.  Seek medical attention.Section IV. First Aid Measures
Note to Physician Not available
Auto-Ignition
Temperature
Products of
CombustionFlash Points
Fire Fighting
Media and
InstructionsFlammable Limits
Fire Hazards in
Presence of
Various Substances413ºC","information, refer to Section 11.Potential Health
Effects
DO NOT induce vomiting because of danger of aspirating liquid into lungs.  Seek medical attention.Eye Contact
Skin Contact
Inhalation
IngestionIMMEDIATELY flush eyes with running water for at least 15 minutes, keeping eyelids open.  Seek medical attention.
Remove contaminated clothing - launder before reuse. Wash gently and thoroughly the contaminated skin with running water
and non-abrasive soap.  Seek medical attention.","Dermal Route:
Inhalation Route:
Oral Route:
Eye Irritation/Inflammation:
Immunotoxicity:
Skin Sensitization:
Respiratory Tract Sensitization:
Mutagenic: Not availableNot availableNot availableNot availableSlightly hazardous in case of eye contact (irritant).Extremely dangerous in case of ingestion.Slightly hazardous in case of inhalation (lung irritant).  Can cause nausea, headaches and vomiting.Slightly hazardous in case of skin contact (irritant).","removed by exhaust ventilation. Ensure that eyewash station and safety shower are close to work-station.
Wear appropriate footwear to prevent product from coming in contact with feet and skin.Section VIII. Exposure Controls/Personal Protection
Eyes
Body
Respiratory
Hands"
28,What are the emergency procedures in case of eye contact with the product?,"flush with water, non-abrasive soap. Seek medical attention.",Section IV. First Aid Measures,"removed by exhaust ventilation. Ensure that eyewash station and safety shower are close to work-station.
Wear appropriate footwear to prevent product from coming in contact with feet and skin.Section VIII. Exposure Controls/Personal Protection
Eyes
Body
Respiratory
Hands","and non-abrasive soap.  Seek medical attention.
Evacuate the victim to a safe area as soon as possible.  If the victim is not breathing, perform artificial respiration.  Allow the
victim to rest in a well ventilated area.  Seek medical attention.Section IV. First Aid Measures
Note to Physician Not available
Auto-Ignition
Temperature
Products of
CombustionFlash Points
Fire Fighting
Media and
InstructionsFlammable Limits
Fire Hazards in
Presence of
Various Substances413ºC","Dermal Route:
Inhalation Route:
Oral Route:
Eye Irritation/Inflammation:
Immunotoxicity:
Skin Sensitization:
Respiratory Tract Sensitization:
Mutagenic: Not availableNot availableNot availableNot availableSlightly hazardous in case of eye contact (irritant).Extremely dangerous in case of ingestion.Slightly hazardous in case of inhalation (lung irritant).  Can cause nausea, headaches and vomiting.Slightly hazardous in case of skin contact (irritant).","area) and where engineering, work practices or other means of exposure reduction are not adequate, NIOSH approved
respirators may be necessary to prevent overexposure by inhalation.Wear appropriate clothing to prevent skin contact.  As a minimum long sleeves and trousers should be worn.Eye protection (i.e., safety glasses, safety goggles and/or face shield) should be determined based on conditions of use.  If"
29,What are the emergency procedures in case of ingestion of the product?,DO NOT induce vomiting because of danger of aspirating liquid into lungs.  Seek medical attention.,"Potential Health Effects, Ingestion","and non-abrasive soap.  Seek medical attention.
Evacuate the victim to a safe area as soon as possible.  If the victim is not breathing, perform artificial respiration.  Allow the
victim to rest in a well ventilated area.  Seek medical attention.Section IV. First Aid Measures
Note to Physician Not available
Auto-Ignition
Temperature
Products of
CombustionFlash Points
Fire Fighting
Media and
InstructionsFlammable Limits
Fire Hazards in
Presence of
Various Substances413ºC","information, refer to Section 11.Potential Health
Effects
DO NOT induce vomiting because of danger of aspirating liquid into lungs.  Seek medical attention.Eye Contact
Skin Contact
Inhalation
IngestionIMMEDIATELY flush eyes with running water for at least 15 minutes, keeping eyelids open.  Seek medical attention.
Remove contaminated clothing - launder before reuse. Wash gently and thoroughly the contaminated skin with running water
and non-abrasive soap.  Seek medical attention.","Dermal Route:
Inhalation Route:
Oral Route:
Eye Irritation/Inflammation:
Immunotoxicity:
Skin Sensitization:
Respiratory Tract Sensitization:
Mutagenic: Not availableNot availableNot availableNot availableSlightly hazardous in case of eye contact (irritant).Extremely dangerous in case of ingestion.Slightly hazardous in case of inhalation (lung irritant).  Can cause nausea, headaches and vomiting.Slightly hazardous in case of skin contact (irritant).","heated to decomposition.Hazardous
PolymerizationWill not occur under normal working conditions.
Acute LethalityRoutes of Entry Eye contact and ingestion.
LD50: 4700 mg/kg (oral/rat). [Ethylene Glycol]
LD50: 9530 mg/kg (dermal/rabbit). [Ethylene Glycol]Section XI. Toxicological Information
Chronic or Other Toxic EffectsChronic or Other Toxic Effects
Dermal Route:
Inhalation Route:
Oral Route:
Eye Irritation/Inflammation:
Immunotoxicity:
Skin Sensitization:
Respiratory Tract Sensitization:"
30,What is the waste disposal method for the product?,recycle or reprocess; incineration with energy recovery; disposal at licensed waste disposal facility,"Section XIII. Disposal Considerations, Section XIII. Disposal Considerations","Waste Disposal Preferred waste management priorities are: (1) recycle or reprocess; (2) incineration with energy recovery; (3) disposal at
licensed waste disposal facility.  Ensure that disposal or reprocessing is in compliance with government requirements and
local disposal regulations.  Consult your local or regional authorities.
Section XIV. Transport Information
DOT Classification Special Provisions
for TransportNot a DOT controlled material (United States). Not applicable.","Continued on Next Page Available in FrenchANTIFREEZE Page Number: 2
Section VI. Accidental Release Measures
Material Release
or SpillSmall spill or leak:  Dilute with water and mop up or absorb with an inert DRY material and place in an appropriate waste
disposal container.
Large spill or leak:  Absorb with an inert material and put the spilled material in an appropriate waste disposal.  Dispose of in
accordance with regional regulations.","Section XII. Ecological Information
Environmental Fate Not available
BOD5 and COD Products of
BiodegradationPersistance/
Bioaccumulation
Potential
Additional RemarksNot available Not availableNot available
No additional remark.
Section XIII. Disposal Considerations
Waste Disposal Preferred waste management priorities are: (1) recycle or reprocess; (2) incineration with energy recovery; (3) disposal at","Section XIV. Transport Information
DOT Classification Special Provisions
for TransportNot a DOT controlled material (United States). Not applicable.
Section XV. Regulatory Information
Other
Regulations
DSD/DPD (EEC)This product is acceptable for use under the provisions of WHMIS-CPR. All components of this formulation are listed on the
CEPA-DSL (Domestic Substances List).
All components of this formulation are listed on the US EPA-TSCA Inventory."
31,Are there any specific storage requirements or conditions for safely storing the product?,"Keep container dry. Keep container tightly closed. Keep in a cool, well-ventilated place.",HandlingSection VII. Handling and Storage,"accordance with regional regulations.
Storage Keep container dry.  Keep container tightly closed.  Keep in a cool, well-ventilated place.Avoid contamination with reactive substances.  After handling, always wash hands thoroughly with soap and water. HandlingSection VII. Handling and Storage
Engineering Controls","subsidiaries assumes any liability whatsoever for the accuracy or completeness of the information contained herein.  Final
determination of suitability of any material is the sole responsibility of the user. All materials may present unknown hazards and should
be used with caution.  Although certain hazards are described herein, we cannot guarantee that these are the only hazards that exist.FDA - Food and Drug Administration
FIFRA - Federal Insecticide, Fungicide and Rodenticide Act","Section XIV. Transport Information
DOT Classification Special Provisions
for TransportNot a DOT controlled material (United States). Not applicable.
Section XV. Regulatory Information
Other
Regulations
DSD/DPD (EEC)This product is acceptable for use under the provisions of WHMIS-CPR. All components of this formulation are listed on the
CEPA-DSL (Domestic Substances List).
All components of this formulation are listed on the US EPA-TSCA Inventory.","product is used in an application where splashing may occur, the use of safety goggles and/or a face shield should be
considered.
Section IX. Physical and Chemical Properties
Physical State and
Appearance
VolatilityBoiling Point
Vapour PressureOdour Threshold
Density
Vapour DensityOil / Water Dist. Coeff.
SolubilityClear viscous liquid.
0% (w/w)1.115 to 1.145 (Water = 1)
2.1 (Air=1).
0.06 mmHg @ 20°C (68ºF)."
32,What is the shelf life of the product?,Not available,Section VI. Stability,"Softening Point
129 to 197°C (264 to 387°F)
Ionicity (in water)
Dispersion PropertiesNot available
Not availableNot applicable.
Not available
StabilityCorrosivity
The product is stable.Not available
Reactive with oxidizing agents, acids and
alkalis.Section X. Stability and Reactivity
Incompatible
Substances /
Conditions to AvoidDecomposition
ProductsMay release COx, smoke and irritating vapours when
heated to decomposition.Hazardous
PolymerizationWill not occur under normal working conditions.","product is used in an application where splashing may occur, the use of safety goggles and/or a face shield should be
considered.
Section IX. Physical and Chemical Properties
Physical State and
Appearance
VolatilityBoiling Point
Vapour PressureOdour Threshold
Density
Vapour DensityOil / Water Dist. Coeff.
SolubilityClear viscous liquid.
0% (w/w)1.115 to 1.145 (Water = 1)
2.1 (Air=1).
0.06 mmHg @ 20°C (68ºF).","CEPA-DSL (Domestic Substances List).
All components of this formulation are listed on the US EPA-TSCA Inventory.
This product has been classified in accordance with the hazard criteria of the Controlled Products Regulations (CPR) and the
MSDS contains all of the information required by the CPR.
Please contact Product Safety for more information.
ADR (Europe)
(Pictograms)Not evaluated.
NOT EVALUATED FOR
EUROPEAN TRANSPORT
NON ÉVALUÉ POUR LE
TRANSPORT EUROPÉEN.WHMIS (Canada) D-2A
TDG (Canada)","Section XIV. Transport Information
DOT Classification Special Provisions
for TransportNot a DOT controlled material (United States). Not applicable.
Section XV. Regulatory Information
Other
Regulations
DSD/DPD (EEC)This product is acceptable for use under the provisions of WHMIS-CPR. All components of this formulation are listed on the
CEPA-DSL (Domestic Substances List).
All components of this formulation are listed on the US EPA-TSCA Inventory."
33,What are the composition and ingredients of the product?,"Ethylene glycol (107-21-1), Sodium tetraborate pentahydrate (1330-43-4)",Section II. Composition and Information on Ingredients,"Softening Point
129 to 197°C (264 to 387°F)
Ionicity (in water)
Dispersion PropertiesNot available
Not availableNot applicable.
Not available
StabilityCorrosivity
The product is stable.Not available
Reactive with oxidizing agents, acids and
alkalis.Section X. Stability and Reactivity
Incompatible
Substances /
Conditions to AvoidDecomposition
ProductsMay release COx, smoke and irritating vapours when
heated to decomposition.Hazardous
PolymerizationWill not occur under normal working conditions.","Vapour DensityOil / Water Dist. Coeff.
SolubilityClear viscous liquid.
0% (w/w)1.115 to 1.145 (Water = 1)
2.1 (Air=1).
0.06 mmHg @ 20°C (68ºF).
Soluble in water, methanol and diethyl ether.Not availableOdourless. OdourNot available Green. Colour
Dropping Point
PenetrationNot applicable.
Not applicable.Viscosity Not available
Pour Point
Softening Point
129 to 197°C (264 to 387°F)
Ionicity (in water)
Dispersion PropertiesNot available
Not availableNot applicable.
Not available","Manufacturer
Material Uses1
2 0HealthFire Hazard
Reactivity
Specific hazardHMIS (U.S.A.) Rating
0Insignificant
1
2
3
4Slight
Moderate
High
Extreme
Section II. Composition and Information on Ingredients
Name CAS #Exposure Limits (ACGIH)
CEILING % (V/V) TLV-TWA(8 h) STEL
1) Ethylene glycol 107-21-1 >55 Not established Not established 100 mg/m³
(aerosol)
2) Sodium tetraborate pentahydrate 1330-43-4 <5 1 mg/m³ Not established Not established
Manufacturer
RecommendationNot applicable","Section XIV. Transport Information
DOT Classification Special Provisions
for TransportNot a DOT controlled material (United States). Not applicable.
Section XV. Regulatory Information
Other
Regulations
DSD/DPD (EEC)This product is acceptable for use under the provisions of WHMIS-CPR. All components of this formulation are listed on the
CEPA-DSL (Domestic Substances List).
All components of this formulation are listed on the US EPA-TSCA Inventory."
34,Are there any known hazardous reactions or incompatibilities with other substances or materials?,"Yes, reactive with oxidizing agents, acids and alkalis.",Substances / Conditions to Avoid,"Softening Point
129 to 197°C (264 to 387°F)
Ionicity (in water)
Dispersion PropertiesNot available
Not availableNot applicable.
Not available
StabilityCorrosivity
The product is stable.Not available
Reactive with oxidizing agents, acids and
alkalis.Section X. Stability and Reactivity
Incompatible
Substances /
Conditions to AvoidDecomposition
ProductsMay release COx, smoke and irritating vapours when
heated to decomposition.Hazardous
PolymerizationWill not occur under normal working conditions.","heated to decomposition.Hazardous
PolymerizationWill not occur under normal working conditions.
Acute LethalityRoutes of Entry Eye contact and ingestion.
LD50: 4700 mg/kg (oral/rat). [Ethylene Glycol]
LD50: 9530 mg/kg (dermal/rabbit). [Ethylene Glycol]Section XI. Toxicological Information
Chronic or Other Toxic EffectsChronic or Other Toxic Effects
Dermal Route:
Inhalation Route:
Oral Route:
Eye Irritation/Inflammation:
Immunotoxicity:
Skin Sensitization:
Respiratory Tract Sensitization:","Dermal Route:
Inhalation Route:
Oral Route:
Eye Irritation/Inflammation:
Immunotoxicity:
Skin Sensitization:
Respiratory Tract Sensitization:
Mutagenic: Not availableNot availableNot availableNot availableSlightly hazardous in case of eye contact (irritant).Extremely dangerous in case of ingestion.Slightly hazardous in case of inhalation (lung irritant).  Can cause nausea, headaches and vomiting.Slightly hazardous in case of skin contact (irritant).","(aerosol)
2) Sodium tetraborate pentahydrate 1330-43-4 <5 1 mg/m³ Not established Not established
Manufacturer
RecommendationNot applicable
Consult local, state, provincial or territory authorities for acceptable exposure limits. Other Exposure Limits
Section III. Hazards Identification.
Contact can cause slight irritation of skin, eyes and respiratory tract.  Extremely dangerous in case of ingestion.  For more
information, refer to Section 11.Potential Health
Effects"
35,What is the odor of the product?,"0.06 mmHg @ 20°C (68ºF). is not the odor, but the vapor pressure.","IX. Physical and Chemical Properties,Vapour Pressure","heated to decomposition.Hazardous
PolymerizationWill not occur under normal working conditions.
Acute LethalityRoutes of Entry Eye contact and ingestion.
LD50: 4700 mg/kg (oral/rat). [Ethylene Glycol]
LD50: 9530 mg/kg (dermal/rabbit). [Ethylene Glycol]Section XI. Toxicological Information
Chronic or Other Toxic EffectsChronic or Other Toxic Effects
Dermal Route:
Inhalation Route:
Oral Route:
Eye Irritation/Inflammation:
Immunotoxicity:
Skin Sensitization:
Respiratory Tract Sensitization:","CEPA-DSL (Domestic Substances List).
All components of this formulation are listed on the US EPA-TSCA Inventory.
This product has been classified in accordance with the hazard criteria of the Controlled Products Regulations (CPR) and the
MSDS contains all of the information required by the CPR.
Please contact Product Safety for more information.
ADR (Europe)
(Pictograms)Not evaluated.
NOT EVALUATED FOR
EUROPEAN TRANSPORT
NON ÉVALUÉ POUR LE
TRANSPORT EUROPÉEN.WHMIS (Canada) D-2A
TDG (Canada)","Softening Point
129 to 197°C (264 to 387°F)
Ionicity (in water)
Dispersion PropertiesNot available
Not availableNot applicable.
Not available
StabilityCorrosivity
The product is stable.Not available
Reactive with oxidizing agents, acids and
alkalis.Section X. Stability and Reactivity
Incompatible
Substances /
Conditions to AvoidDecomposition
ProductsMay release COx, smoke and irritating vapours when
heated to decomposition.Hazardous
PolymerizationWill not occur under normal working conditions.","product is used in an application where splashing may occur, the use of safety goggles and/or a face shield should be
considered.
Section IX. Physical and Chemical Properties
Physical State and
Appearance
VolatilityBoiling Point
Vapour PressureOdour Threshold
Density
Vapour DensityOil / Water Dist. Coeff.
SolubilityClear viscous liquid.
0% (w/w)1.115 to 1.145 (Water = 1)
2.1 (Air=1).
0.06 mmHg @ 20°C (68ºF)."
36,What is the boiling point of the product?,Not available,Section IX. Physical and Chemical Properties,"product is used in an application where splashing may occur, the use of safety goggles and/or a face shield should be
considered.
Section IX. Physical and Chemical Properties
Physical State and
Appearance
VolatilityBoiling Point
Vapour PressureOdour Threshold
Density
Vapour DensityOil / Water Dist. Coeff.
SolubilityClear viscous liquid.
0% (w/w)1.115 to 1.145 (Water = 1)
2.1 (Air=1).
0.06 mmHg @ 20°C (68ºF).","Vapour DensityOil / Water Dist. Coeff.
SolubilityClear viscous liquid.
0% (w/w)1.115 to 1.145 (Water = 1)
2.1 (Air=1).
0.06 mmHg @ 20°C (68ºF).
Soluble in water, methanol and diethyl ether.Not availableOdourless. OdourNot available Green. Colour
Dropping Point
PenetrationNot applicable.
Not applicable.Viscosity Not available
Pour Point
Softening Point
129 to 197°C (264 to 387°F)
Ionicity (in water)
Dispersion PropertiesNot available
Not availableNot applicable.
Not available","Products of
CombustionFlash Points
Fire Fighting
Media and
InstructionsFlammable Limits
Fire Hazards in
Presence of
Various Substances413ºC
Carbon oxides (CO, CO2), smoke and irritating vapours as products of incomplete combustion.Closed Cup: 116ºC (Tagliabue)
Open Cup: 116ºC (Cleveland)Lower: 3.2%, Upper: 15.3%
SMALL FIRE:  Use DRY chemicals, CO2, water spray or foam.
LARGE FIRE:  Use water spray, fog or foam.  DO NOT use water jet.Combustible in presence of  open flames and","Softening Point
129 to 197°C (264 to 387°F)
Ionicity (in water)
Dispersion PropertiesNot available
Not availableNot applicable.
Not available
StabilityCorrosivity
The product is stable.Not available
Reactive with oxidizing agents, acids and
alkalis.Section X. Stability and Reactivity
Incompatible
Substances /
Conditions to AvoidDecomposition
ProductsMay release COx, smoke and irritating vapours when
heated to decomposition.Hazardous
PolymerizationWill not occur under normal working conditions."
37,Is the product flammable?,yes,Fire Hazards in Presence of Various Substances,"Products of
CombustionFlash Points
Fire Fighting
Media and
InstructionsFlammable Limits
Fire Hazards in
Presence of
Various Substances413ºC
Carbon oxides (CO, CO2), smoke and irritating vapours as products of incomplete combustion.Closed Cup: 116ºC (Tagliabue)
Open Cup: 116ºC (Cleveland)Lower: 3.2%, Upper: 15.3%
SMALL FIRE:  Use DRY chemicals, CO2, water spray or foam.
LARGE FIRE:  Use water spray, fog or foam.  DO NOT use water jet.Combustible in presence of  open flames and","LARGE FIRE:  Use water spray, fog or foam.  DO NOT use water jet.Combustible in presence of  open flames and
sparks.Explosion Hazards
in Presence of
Various SubstancesNot a product presenting risks of explosion.Flammability May be combustible at high temperature.Section V. Fire-fighting Measures
Continued on Next Page Available in FrenchANTIFREEZE Page Number: 2
Section VI. Accidental Release Measures
Material Release","Softening Point
129 to 197°C (264 to 387°F)
Ionicity (in water)
Dispersion PropertiesNot available
Not availableNot applicable.
Not available
StabilityCorrosivity
The product is stable.Not available
Reactive with oxidizing agents, acids and
alkalis.Section X. Stability and Reactivity
Incompatible
Substances /
Conditions to AvoidDecomposition
ProductsMay release COx, smoke and irritating vapours when
heated to decomposition.Hazardous
PolymerizationWill not occur under normal working conditions.","product is used in an application where splashing may occur, the use of safety goggles and/or a face shield should be
considered.
Section IX. Physical and Chemical Properties
Physical State and
Appearance
VolatilityBoiling Point
Vapour PressureOdour Threshold
Density
Vapour DensityOil / Water Dist. Coeff.
SolubilityClear viscous liquid.
0% (w/w)1.115 to 1.145 (Water = 1)
2.1 (Air=1).
0.06 mmHg @ 20°C (68ºF)."
38,What is the solubility of the product?,"Soluble in water, methanol and diethyl ether.",Physical and Chemical Properties,"Vapour DensityOil / Water Dist. Coeff.
SolubilityClear viscous liquid.
0% (w/w)1.115 to 1.145 (Water = 1)
2.1 (Air=1).
0.06 mmHg @ 20°C (68ºF).
Soluble in water, methanol and diethyl ether.Not availableOdourless. OdourNot available Green. Colour
Dropping Point
PenetrationNot applicable.
Not applicable.Viscosity Not available
Pour Point
Softening Point
129 to 197°C (264 to 387°F)
Ionicity (in water)
Dispersion PropertiesNot available
Not availableNot applicable.
Not available","product is used in an application where splashing may occur, the use of safety goggles and/or a face shield should be
considered.
Section IX. Physical and Chemical Properties
Physical State and
Appearance
VolatilityBoiling Point
Vapour PressureOdour Threshold
Density
Vapour DensityOil / Water Dist. Coeff.
SolubilityClear viscous liquid.
0% (w/w)1.115 to 1.145 (Water = 1)
2.1 (Air=1).
0.06 mmHg @ 20°C (68ºF).","Softening Point
129 to 197°C (264 to 387°F)
Ionicity (in water)
Dispersion PropertiesNot available
Not availableNot applicable.
Not available
StabilityCorrosivity
The product is stable.Not available
Reactive with oxidizing agents, acids and
alkalis.Section X. Stability and Reactivity
Incompatible
Substances /
Conditions to AvoidDecomposition
ProductsMay release COx, smoke and irritating vapours when
heated to decomposition.Hazardous
PolymerizationWill not occur under normal working conditions.","Continued on Next Page Available in FrenchANTIFREEZE Page Number: 2
Section VI. Accidental Release Measures
Material Release
or SpillSmall spill or leak:  Dilute with water and mop up or absorb with an inert DRY material and place in an appropriate waste
disposal container.
Large spill or leak:  Absorb with an inert material and put the spilled material in an appropriate waste disposal.  Dispose of in
accordance with regional regulations."
39,"Is the product stable under certain conditions, and are there any potential decomposition products?","Yes, it is stable, but may release COx, smoke and irritating vapours when heated to decomposition.","Section X. Stability and Reactivity, Section XII. Ecological Information","Softening Point
129 to 197°C (264 to 387°F)
Ionicity (in water)
Dispersion PropertiesNot available
Not availableNot applicable.
Not available
StabilityCorrosivity
The product is stable.Not available
Reactive with oxidizing agents, acids and
alkalis.Section X. Stability and Reactivity
Incompatible
Substances /
Conditions to AvoidDecomposition
ProductsMay release COx, smoke and irritating vapours when
heated to decomposition.Hazardous
PolymerizationWill not occur under normal working conditions.","Section XII. Ecological Information
Environmental Fate Not available
BOD5 and COD Products of
BiodegradationPersistance/
Bioaccumulation
Potential
Additional RemarksNot available Not availableNot available
No additional remark.
Section XIII. Disposal Considerations
Waste Disposal Preferred waste management priorities are: (1) recycle or reprocess; (2) incineration with energy recovery; (3) disposal at","subsidiaries assumes any liability whatsoever for the accuracy or completeness of the information contained herein.  Final
determination of suitability of any material is the sole responsibility of the user. All materials may present unknown hazards and should
be used with caution.  Although certain hazards are described herein, we cannot guarantee that these are the only hazards that exist.FDA - Food and Drug Administration
FIFRA - Federal Insecticide, Fungicide and Rodenticide Act","Waste Disposal Preferred waste management priorities are: (1) recycle or reprocess; (2) incineration with energy recovery; (3) disposal at
licensed waste disposal facility.  Ensure that disposal or reprocessing is in compliance with government requirements and
local disposal regulations.  Consult your local or regional authorities.
Section XIV. Transport Information
DOT Classification Special Provisions
for TransportNot a DOT controlled material (United States). Not applicable."
40,"What are the recommended engineering controls, personal protective equipment (PPE), and respiratory protection for handling the product?","Special ventilation is not necessary for normal application. If vapours or mist are generated, use ventilation to keep exposure below exposure limit. Make-up air should always be supplied to balance air removed by exhaust ventilation. NIOSH approved respirators may be necessary if concentrations exceed occupational exposure limits.","Engineering Controls, Personal Protection","Engineering Controls
Personal Protection  -  The selection of personal protective equipment varies, depending upon conditions of use.For normal application, special ventilation is not necessary. If user's operations generate vapours or mist, use ventilation to
keep exposure to airborne contaminants below the exposure limit. Make-up air should always be supplied to balance air
removed by exhaust ventilation. Ensure that eyewash station and safety shower are close to work-station.","area) and where engineering, work practices or other means of exposure reduction are not adequate, NIOSH approved
respirators may be necessary to prevent overexposure by inhalation.Wear appropriate clothing to prevent skin contact.  As a minimum long sleeves and trousers should be worn.Eye protection (i.e., safety glasses, safety goggles and/or face shield) should be determined based on conditions of use.  If","removed by exhaust ventilation. Ensure that eyewash station and safety shower are close to work-station.
Wear appropriate footwear to prevent product from coming in contact with feet and skin.Section VIII. Exposure Controls/Personal Protection
Eyes
Body
Respiratory
Hands","Eyes
Body
Respiratory
Hands
FeetWear appropriate chemically protective gloves.  When handling hot product ensure gloves are heat resistant and insulated.Where concentrations in air may exceed the occupational exposure limits given in Section 2 (and those applicable to your
area) and where engineering, work practices or other means of exposure reduction are not adequate, NIOSH approved"
41,Are there any specific environmental precautions or considerations for the disposal of the product or its containers?,Keep container dry. Avoid contamination with reactive substances. Dispose of in accordance with regional regulations.,"Section VI. Accidental Release Measures, Section VII. Handling and Storage","Waste Disposal Preferred waste management priorities are: (1) recycle or reprocess; (2) incineration with energy recovery; (3) disposal at
licensed waste disposal facility.  Ensure that disposal or reprocessing is in compliance with government requirements and
local disposal regulations.  Consult your local or regional authorities.
Section XIV. Transport Information
DOT Classification Special Provisions
for TransportNot a DOT controlled material (United States). Not applicable.","Continued on Next Page Available in FrenchANTIFREEZE Page Number: 2
Section VI. Accidental Release Measures
Material Release
or SpillSmall spill or leak:  Dilute with water and mop up or absorb with an inert DRY material and place in an appropriate waste
disposal container.
Large spill or leak:  Absorb with an inert material and put the spilled material in an appropriate waste disposal.  Dispose of in
accordance with regional regulations.","accordance with regional regulations.
Storage Keep container dry.  Keep container tightly closed.  Keep in a cool, well-ventilated place.Avoid contamination with reactive substances.  After handling, always wash hands thoroughly with soap and water. HandlingSection VII. Handling and Storage
Engineering Controls","Section XII. Ecological Information
Environmental Fate Not available
BOD5 and COD Products of
BiodegradationPersistance/
Bioaccumulation
Potential
Additional RemarksNot available Not availableNot available
No additional remark.
Section XIII. Disposal Considerations
Waste Disposal Preferred waste management priorities are: (1) recycle or reprocess; (2) incineration with energy recovery; (3) disposal at"
42,Can the specific chemical identity or exact percentage of the composition be disclosed for the product?,"No, the specific chemical identity or exact percentage of the composition cannot be disclosed.","Section XIV. Transport Information, Section XV. Regulatory Information","subsidiaries assumes any liability whatsoever for the accuracy or completeness of the information contained herein.  Final
determination of suitability of any material is the sole responsibility of the user. All materials may present unknown hazards and should
be used with caution.  Although certain hazards are described herein, we cannot guarantee that these are the only hazards that exist.FDA - Food and Drug Administration
FIFRA - Federal Insecticide, Fungicide and Rodenticide Act","Section XIV. Transport Information
DOT Classification Special Provisions
for TransportNot a DOT controlled material (United States). Not applicable.
Section XV. Regulatory Information
Other
Regulations
DSD/DPD (EEC)This product is acceptable for use under the provisions of WHMIS-CPR. All components of this formulation are listed on the
CEPA-DSL (Domestic Substances List).
All components of this formulation are listed on the US EPA-TSCA Inventory.","product is used in an application where splashing may occur, the use of safety goggles and/or a face shield should be
considered.
Section IX. Physical and Chemical Properties
Physical State and
Appearance
VolatilityBoiling Point
Vapour PressureOdour Threshold
Density
Vapour DensityOil / Water Dist. Coeff.
SolubilityClear viscous liquid.
0% (w/w)1.115 to 1.145 (Water = 1)
2.1 (Air=1).
0.06 mmHg @ 20°C (68ºF).","Softening Point
129 to 197°C (264 to 387°F)
Ionicity (in water)
Dispersion PropertiesNot available
Not availableNot applicable.
Not available
StabilityCorrosivity
The product is stable.Not available
Reactive with oxidizing agents, acids and
alkalis.Section X. Stability and Reactivity
Incompatible
Substances /
Conditions to AvoidDecomposition
ProductsMay release COx, smoke and irritating vapours when
heated to decomposition.Hazardous
PolymerizationWill not occur under normal working conditions."
